Employee ID,First Name,Last Name,Email,Phone Number,Job Title,Department,Location,Manager Email,Gender,Nationality,Birth Date,Hire Date,Status,Is Admin
1001,Alex,Anderson,anderson.alex@canva.com,,Chief Executive Officer,Executive,New York,,Female,USA,1973-02-09,2013-04-14,Active,Yes
1002,Carol,Williams,williams.carol@canva.com,,Chief Human Resources Officer,Human Resources,New York,anderson.alex@canva.com,Male,USA,1970-11-12,2011-12-02,Active,Yes
1003,Thomas,Lee,lee.thomas@canva.com,,Chief Financial Officer,Finance,New York,anderson.alex@canva.com,Male,USA,1972-02-20,2018-01-06,Active,Yes
1004,Deborah,Williams,williams.deborah@canva.com,,Chief Marketing Officer,Marketing,New York,anderson.alex@canva.com,Male,USA,1975-12-14,2012-02-26,Active,Yes
1005,Susan,Davis,davis.susan@canva.com,,Chief Sales Officer,Sales,New York,anderson.alex@canva.com,Male,USA,1972-02-28,2012-09-24,Active,Yes
1006,Richard,Wright,wright.richard@canva.com,,Chief Information Officer,Information Technology,New York,anderson.alex@canva.com,Female,USA,1974-07-10,2022-05-25,Active,Yes
1007,Matthew,Ramirez,ramirez.matthew@canva.com,,Vice President of Human Resources - New York,Human Resources,New York,williams.carol@canva.com,Female,USA,1997-02-04,2022-09-11,Active,Yes
1008,Donna,Hall,hall.donna@canva.com,,Vice President of Human Resources - Dubai,Human Resources,Dubai,williams.carol@canva.com,Female,UAE,2001-03-24,2024-10-17,Active,Yes
1009,Barbara,Perez,perez.barbara@canva.com,,Vice President of Human Resources - Tokyo,Human Resources,Tokyo,williams.carol@canva.com,Female,Japan,1986-02-07,2014-05-24,Active,Yes
1010,Brian,Miller,miller.brian@canva.com,,Recruitment Manager,Human Resources,New York,ramirez.matthew@canva.com,Female,USA,1981-11-07,2021-03-24,Active,No
1011,Lisa,Gonzalez,gonzalez.lisa@canva.com,,Compensation & Benefits Manager,Human Resources,New York,ramirez.matthew@canva.com,Female,USA,1991-03-08,2019-07-14,Active,No
1012,Ashley,Moore,moore.ashley@canva.com,,Learning & Development Manager,Human Resources,New York,ramirez.matthew@canva.com,Female,USA,1986-11-06,2013-12-27,Active,No
1013,Jennifer,Lewis,lewis.jennifer@canva.com,,Recruitment Manager,Human Resources,Dubai,hall.donna@canva.com,Male,UAE,1981-03-09,2011-06-27,Active,Yes
1014,Melissa,White,white.melissa@canva.com,,Compensation & Benefits Manager,Human Resources,Dubai,hall.donna@canva.com,Female,UAE,1995-02-06,2022-12-19,Active,No
1015,Jessica,Robinson,robinson.jessica@canva.com,,Learning & Development Manager,Human Resources,Dubai,hall.donna@canva.com,Female,UAE,1995-01-22,2021-03-07,Active,No
1016,Lisa,Martinez,martinez.lisa@canva.com,,Recruitment Manager,Human Resources,Tokyo,perez.barbara@canva.com,Female,Japan,1993-07-27,2015-03-13,Active,Yes
1017,Christopher,King,king.christopher@canva.com,,Compensation & Benefits Manager,Human Resources,Tokyo,perez.barbara@canva.com,Female,Japan,1992-02-14,2016-01-15,Active,No
1018,Kimberly,Young,young.kimberly@canva.com,,Learning & Development Manager,Human Resources,Tokyo,perez.barbara@canva.com,Male,Japan,1991-08-14,2021-11-05,Active,No
1019,Brian,Wright,wright.brian@canva.com,,HR Specialist,Human Resources,New York,ramirez.matthew@canva.com,Female,USA,1993-11-17,2016-05-15,Active,No
1020,Andrew,Allen,allen.andrew@canva.com,,HR Specialist,Human Resources,New York,ramirez.matthew@canva.com,Female,USA,2001-04-14,2024-07-02,Active,No
1021,Dorothy,Anderson,anderson.dorothy@canva.com,,HR Specialist,Human Resources,New York,ramirez.matthew@canva.com,Female,USA,1997-03-21,2024-12-04,Active,No
1022,David,Campbell,campbell.david@canva.com,,HR Specialist,Human Resources,New York,ramirez.matthew@canva.com,Male,USA,1997-05-27,2023-03-11,Active,No
1023,Sandra,Allen,allen.sandra@canva.com,,HR Specialist,Human Resources,New York,ramirez.matthew@canva.com,Female,USA,1995-07-26,2019-06-23,Active,No
1024,James,White,white.james@canva.com,,HR Specialist,Human Resources,New York,ramirez.matthew@canva.com,Female,USA,1992-03-05,2018-04-01,Active,No
1025,Michelle,Scott,scott.michelle@canva.com,,HR Specialist,Human Resources,New York,ramirez.matthew@canva.com,Female,USA,1996-11-01,2019-05-15,Active,No
1026,Emily,Mitchell,mitchell.emily@canva.com,,HR Specialist,Human Resources,New York,ramirez.matthew@canva.com,Male,USA,1996-11-07,2024-02-12,Active,No
1027,Matthew,Hill,hill.matthew@canva.com,,HR Specialist,Human Resources,New York,ramirez.matthew@canva.com,Male,USA,2000-06-19,2023-01-15,Active,No
1028,Elizabeth,Gonzalez,gonzalez.elizabeth@canva.com,,HR Specialist,Human Resources,New York,ramirez.matthew@canva.com,Male,USA,2001-09-05,2024-07-04,Active,No
1029,Deborah,Wright,wright.deborah@canva.com,,HR Specialist,Human Resources,New York,ramirez.matthew@canva.com,Female,USA,1995-05-01,2017-06-03,Active,No
1030,Susan,Flores,flores.susan@canva.com,,HR Specialist,Human Resources,New York,ramirez.matthew@canva.com,Female,USA,1994-06-15,2021-03-15,Active,No
1031,George,White,white.george@canva.com,,HR Coordinator,Human Resources,New York,ramirez.matthew@canva.com,Female,USA,1986-04-03,2012-06-07,Active,No
1032,Mary,Hall,hall.mary@canva.com,,HR Coordinator,Human Resources,New York,ramirez.matthew@canva.com,Female,USA,1991-02-12,2014-11-16,Active,No
1033,Susan,Garcia,garcia.susan@canva.com,,HR Coordinator,Human Resources,New York,ramirez.matthew@canva.com,Male,USA,1980-07-01,2011-07-12,Active,No
1034,Barbara,Martinez,martinez.barbara@canva.com,,HR Coordinator,Human Resources,New York,ramirez.matthew@canva.com,Female,USA,1983-11-06,2022-10-04,Active,No
1035,Michelle,Baker,baker.michelle@canva.com,,HR Coordinator,Human Resources,New York,ramirez.matthew@canva.com,Female,USA,1989-10-26,2015-06-10,Active,No
1036,Sandra,King,king.sandra@canva.com,,HR Coordinator,Human Resources,New York,ramirez.matthew@canva.com,Male,USA,1997-06-16,2020-10-24,Active,No
1037,Sarah,Robinson,robinson.sarah@canva.com,,HR Coordinator,Human Resources,New York,ramirez.matthew@canva.com,Female,USA,1985-12-09,2022-11-21,Active,No
1038,Kimberly,Davis,davis.kimberly@canva.com,,HR Coordinator,Human Resources,New York,ramirez.matthew@canva.com,Male,USA,1996-08-03,2019-08-09,Active,No
1039,Thomas,Lewis,lewis.thomas@canva.com,,HR Coordinator,Human Resources,New York,ramirez.matthew@canva.com,Male,USA,1995-05-06,2021-10-03,Active,No
1040,Kevin,Rodriguez,rodriguez.kevin@canva.com,,HR Specialist,Human Resources,Dubai,hall.donna@canva.com,Male,UAE,1994-07-18,2022-11-13,Active,No
1041,James,Carter,carter.james@canva.com,,HR Specialist,Human Resources,Dubai,hall.donna@canva.com,Male,UAE,1996-02-17,2021-01-04,Active,No
1042,Lisa,Wright,wright.lisa@canva.com,,HR Specialist,Human Resources,Dubai,hall.donna@canva.com,Male,UAE,1998-12-10,2020-08-13,Active,No
1043,Michelle,Harris,harris.michelle@canva.com,,HR Specialist,Human Resources,Dubai,hall.donna@canva.com,Male,UAE,1998-06-10,2021-05-03,Active,No
1044,Brian,Nelson,nelson.brian@canva.com,,HR Specialist,Human Resources,Dubai,hall.donna@canva.com,Female,UAE,1992-04-17,2015-07-07,Active,No
1045,Mary,Ramirez,ramirez.mary@canva.com,,HR Specialist,Human Resources,Dubai,hall.donna@canva.com,Male,UAE,1995-08-04,2020-10-19,Active,No
1046,Melissa,Martinez,martinez.melissa@canva.com,,HR Specialist,Human Resources,Dubai,hall.donna@canva.com,Male,UAE,1998-04-15,2020-01-13,Active,No
1047,Barbara,Miller,miller.barbara@canva.com,,HR Specialist,Human Resources,Dubai,hall.donna@canva.com,Female,UAE,1997-12-28,2019-12-22,Active,No
1048,Lisa,Harris,harris.lisa@canva.com,,HR Specialist,Human Resources,Dubai,hall.donna@canva.com,Female,UAE,1996-12-22,2024-01-13,Active,No
1049,Susan,Wright,wright.susan@canva.com,,HR Coordinator,Human Resources,Dubai,hall.donna@canva.com,Female,UAE,1996-03-13,2018-12-01,Active,No
1050,Daniel,Lee,lee.daniel@canva.com,,HR Coordinator,Human Resources,Dubai,hall.donna@canva.com,Female,UAE,1981-01-14,2016-07-15,Active,No
1051,James,Torres,torres.james@canva.com,,HR Coordinator,Human Resources,Dubai,hall.donna@canva.com,Male,UAE,1983-07-28,2023-11-04,Active,No
1052,James,Johnson,johnson.james@canva.com,,HR Coordinator,Human Resources,Dubai,hall.donna@canva.com,Female,UAE,1980-12-19,2022-08-17,Active,No
1053,Elizabeth,Martin,martin.elizabeth@canva.com,,HR Coordinator,Human Resources,Dubai,hall.donna@canva.com,Female,UAE,1989-11-07,2022-01-10,Active,No
1054,Carol,Lee,lee.carol@canva.com,,HR Coordinator,Human Resources,Dubai,hall.donna@canva.com,Female,UAE,1987-03-24,2020-12-04,Active,No
1055,Sarah,Martin,martin.sarah@canva.com,,HR Coordinator,Human Resources,Dubai,hall.donna@canva.com,Male,UAE,1992-10-24,2021-07-20,Active,No
1056,Joshua,Gonzalez,gonzalez.joshua@canva.com,,HR Specialist,Human Resources,Tokyo,perez.barbara@canva.com,Male,Japan,1992-07-08,2023-02-18,Active,No
1057,Richard,Williams,williams.richard@canva.com,,HR Specialist,Human Resources,Tokyo,perez.barbara@canva.com,Male,Japan,1996-12-18,2022-03-24,Active,No
1058,Dorothy,White,white.dorothy@canva.com,,HR Specialist,Human Resources,Tokyo,perez.barbara@canva.com,Male,Japan,1997-08-25,2019-07-17,Active,No
1059,Donald,Flores,flores.donald@canva.com,,HR Specialist,Human Resources,Tokyo,perez.barbara@canva.com,Male,Japan,1994-04-06,2019-08-02,Active,No
1060,Sarah,Rivera,rivera.sarah@canva.com,,HR Specialist,Human Resources,Tokyo,perez.barbara@canva.com,Male,Japan,1994-07-04,2021-11-04,Active,No
1061,Sarah,Johnson,johnson.sarah@canva.com,,HR Specialist,Human Resources,Tokyo,perez.barbara@canva.com,Female,Japan,2001-06-09,2024-10-22,Active,No
1062,Daniel,Mitchell,mitchell.daniel@canva.com,,HR Coordinator,Human Resources,Tokyo,perez.barbara@canva.com,Male,Japan,1996-10-03,2021-07-19,Active,No
1063,Dorothy,Nelson,nelson.dorothy@canva.com,,HR Coordinator,Human Resources,Tokyo,perez.barbara@canva.com,Female,Japan,2000-07-24,2022-12-20,Active,No
1064,Barbara,Williams,williams.barbara@canva.com,,HR Coordinator,Human Resources,Tokyo,perez.barbara@canva.com,Male,Japan,1991-12-16,2017-02-23,Active,No
1065,Sarah,Wilson,wilson.sarah@canva.com,,HR Coordinator,Human Resources,Tokyo,perez.barbara@canva.com,Female,Japan,1981-05-07,2013-08-28,Active,No
1066,Sandra,Green,green.sandra@canva.com,,HR Coordinator,Human Resources,Tokyo,perez.barbara@canva.com,Male,Japan,1980-03-16,2022-10-16,Active,No
1067,Michelle,Allen,allen.michelle@canva.com,,Vice President of Finance,Finance,New York,lee.thomas@canva.com,Female,USA,1995-06-09,2020-09-10,Active,No
1068,Steven,Smith,smith.steven@canva.com,,Finance Director - Dubai,Finance,Dubai,lee.thomas@canva.com,Male,UAE,1982-02-02,2023-11-24,Active,No
1069,George,Thompson,thompson.george@canva.com,,Finance Director - Tokyo,Finance,Tokyo,lee.thomas@canva.com,Female,Japan,1979-08-11,2021-04-22,Active,No
1070,Joseph,Nelson,nelson.joseph@canva.com,,Finance Director - North America,Finance,New York,allen.michelle@canva.com,Male,USA,1980-12-06,2014-10-14,Active,No
1071,Carol,Johnson,johnson.carol@canva.com,,Finance Manager,Finance,New York,nelson.joseph@canva.com,Male,USA,1983-10-24,2024-04-12,Active,No
1072,Charles,Garcia,garcia.charles@canva.com,,Finance Manager,Finance,New York,nelson.joseph@canva.com,Male,USA,1989-05-23,2012-09-10,Active,No
1073,Anthony,Rivera,rivera.anthony@canva.com,,Finance Manager,Finance,New York,nelson.joseph@canva.com,Female,USA,1988-07-23,2023-11-15,Active,No
1074,Donald,Perez,perez.donald@canva.com,,Finance Manager,Finance,New York,nelson.joseph@canva.com,Female,USA,1980-01-12,2012-07-18,Active,No
1075,Karen,Adams,adams.karen@canva.com,,Finance Manager,Finance,New York,nelson.joseph@canva.com,Female,USA,1987-10-12,2023-09-08,Active,No
1076,Daniel,Carter,carter.daniel@canva.com,,Finance Manager,Finance,New York,nelson.joseph@canva.com,Female,USA,1992-06-05,2024-04-05,Active,No
1077,Mark,Clark,clark.mark@canva.com,,Senior Accountant,Finance,New York,nelson.joseph@canva.com,Female,USA,1991-11-26,2022-05-02,Active,No
1078,Daniel,Lopez,lopez.daniel@canva.com,,Senior Accountant,Finance,New York,nelson.joseph@canva.com,Female,USA,1990-01-06,2016-06-25,Active,No
1079,Jennifer,Flores,flores.jennifer@canva.com,,Senior Accountant,Finance,New York,nelson.joseph@canva.com,Male,USA,1990-11-07,2021-09-19,Active,No
1080,Amanda,Wright,wright.amanda@canva.com,,Senior Accountant,Finance,New York,nelson.joseph@canva.com,Male,USA,1987-11-23,2021-05-13,Active,No
1081,Thomas,Adams,adams.thomas@canva.com,,Senior Accountant,Finance,New York,nelson.joseph@canva.com,Male,USA,1991-11-20,2019-11-12,Active,No
1082,Susan,Thompson,thompson.susan@canva.com,,Senior Accountant,Finance,New York,nelson.joseph@canva.com,Male,USA,1990-08-14,2017-01-26,Active,No
1083,Kimberly,Baker,baker.kimberly@canva.com,,Senior Accountant,Finance,New York,nelson.joseph@canva.com,Female,USA,1996-09-02,2021-04-13,Active,No
1084,Emily,Lopez,lopez.emily@canva.com,,Senior Accountant,Finance,New York,nelson.joseph@canva.com,Male,USA,1986-02-05,2023-06-04,Active,No
1085,Richard,Clark,clark.richard@canva.com,,Senior Accountant,Finance,New York,nelson.joseph@canva.com,Male,USA,1989-05-26,2012-10-16,Active,No
1086,Margaret,Nguyen,nguyen.margaret@canva.com,,Accountant,Finance,New York,nelson.joseph@canva.com,Male,USA,1984-09-21,2019-01-03,Active,No
1087,Joseph,Carter,carter.joseph@canva.com,,Accountant,Finance,New York,nelson.joseph@canva.com,Male,USA,1991-05-25,2013-03-26,Active,No
1088,Joshua,Scott,scott.joshua@canva.com,,Accountant,Finance,New York,nelson.joseph@canva.com,Male,USA,1998-02-27,2023-03-22,Active,No
1089,Donald,Thompson,thompson.donald@canva.com,,Accountant,Finance,New York,nelson.joseph@canva.com,Female,USA,1996-05-14,2020-02-16,Active,No
1090,Betty,Scott,scott.betty@canva.com,,Accountant,Finance,New York,nelson.joseph@canva.com,Female,USA,1991-04-21,2013-09-27,Active,No
1091,Edward,Baker,baker.edward@canva.com,,Accountant,Finance,New York,nelson.joseph@canva.com,Male,USA,1991-09-17,2023-09-25,Active,No
1092,Elizabeth,Adams,adams.elizabeth@canva.com,,Accountant,Finance,New York,nelson.joseph@canva.com,Female,USA,1992-02-24,2018-08-11,Active,No
1093,Amanda,Nelson,nelson.amanda@canva.com,,Accountant,Finance,New York,nelson.joseph@canva.com,Female,USA,1995-11-13,2017-11-12,Active,No
1094,Steven,Allen,allen.steven@canva.com,,Accountant,Finance,New York,nelson.joseph@canva.com,Male,USA,1992-03-11,2015-05-07,Active,No
1095,Mary,Brown,brown.mary@canva.com,,Accountant,Finance,New York,nelson.joseph@canva.com,Female,USA,1987-03-28,2019-06-22,Active,No
1096,Charles,Nelson,nelson.charles@canva.com,,Accountant,Finance,New York,nelson.joseph@canva.com,Male,USA,1996-05-08,2021-08-07,Active,No
1097,Richard,Gonzalez,gonzalez.richard@canva.com,,Accountant,Finance,New York,nelson.joseph@canva.com,Female,USA,2001-04-04,2023-01-23,Active,No
1098,Christopher,Scott,scott.christopher@canva.com,,Accountant,Finance,New York,nelson.joseph@canva.com,Female,USA,1997-10-04,2021-06-06,Active,No
1099,Michael,King,king.michael@canva.com,,Accountant,Finance,New York,nelson.joseph@canva.com,Female,USA,2000-10-14,2023-06-28,Active,No
1100,Andrew,Anderson,anderson.andrew@canva.com,,Accountant,Finance,New York,nelson.joseph@canva.com,Male,USA,1982-03-25,2020-04-07,Active,No
1101,Sarah,Nelson,nelson.sarah@canva.com,,Accountant,Finance,New York,nelson.joseph@canva.com,Male,USA,1991-07-18,2015-12-26,Active,No
1102,David,Lewis,lewis.david@canva.com,,Accountant,Finance,New York,nelson.joseph@canva.com,Female,USA,1992-09-17,2024-03-08,Active,No
1103,Daniel,Davis,davis.daniel@canva.com,,Finance Manager,Finance,Dubai,smith.steven@canva.com,Male,UAE,1982-12-21,2019-07-22,Active,No
1104,Donald,Moore,moore.donald@canva.com,,Finance Manager,Finance,Dubai,smith.steven@canva.com,Female,UAE,1988-08-20,2022-09-13,Active,No
1105,Amanda,Smith,smith.amanda@canva.com,,Finance Manager,Finance,Dubai,smith.steven@canva.com,Male,UAE,1983-08-18,2022-03-14,Active,No
1106,Patricia,Johnson,johnson.patricia@canva.com,,Senior Accountant,Finance,Dubai,smith.steven@canva.com,Male,UAE,1994-03-12,2019-06-17,Active,No
1107,Christopher,Thomas,thomas.christopher@canva.com,,Senior Accountant,Finance,Dubai,smith.steven@canva.com,Female,UAE,1997-11-01,2023-12-27,Active,No
1108,Mary,Hernandez,hernandez.mary@canva.com,,Senior Accountant,Finance,Dubai,smith.steven@canva.com,Female,UAE,1996-04-11,2022-12-03,Active,No
1109,Jessica,Thompson,thompson.jessica@canva.com,,Senior Accountant,Finance,Dubai,smith.steven@canva.com,Female,UAE,1997-10-22,2023-08-25,Active,No
1110,David,Mitchell,mitchell.david@canva.com,,Senior Accountant,Finance,Dubai,smith.steven@canva.com,Female,UAE,1991-05-26,2015-12-06,Active,No
1111,Mark,Green,green.mark@canva.com,,Accountant,Finance,Dubai,smith.steven@canva.com,Male,UAE,1987-07-15,2014-01-08,Active,No
1112,William,Hall,hall.william@canva.com,,Accountant,Finance,Dubai,smith.steven@canva.com,Female,UAE,1990-11-14,2021-10-01,Active,No
1113,Sarah,Baker,baker.sarah@canva.com,,Accountant,Finance,Dubai,smith.steven@canva.com,Male,UAE,1993-06-15,2017-07-08,Active,No
1114,Brian,Martinez,martinez.brian@canva.com,,Accountant,Finance,Dubai,smith.steven@canva.com,Female,UAE,1987-09-05,2018-04-12,Active,No
1115,Karen,Davis,davis.karen@canva.com,,Accountant,Finance,Dubai,smith.steven@canva.com,Female,UAE,1985-05-28,2016-08-03,Active,No
1116,Robert,Perez,perez.robert@canva.com,,Accountant,Finance,Dubai,smith.steven@canva.com,Male,UAE,1997-12-05,2024-03-11,Active,No
1117,George,Anderson,anderson.george@canva.com,,Accountant,Finance,Dubai,smith.steven@canva.com,Male,UAE,2001-10-26,2024-06-22,Active,No
1118,Sandra,Perez,perez.sandra@canva.com,,Accountant,Finance,Dubai,smith.steven@canva.com,Male,UAE,1996-03-16,2018-08-15,Active,No
1119,Jennifer,Garcia,garcia.jennifer@canva.com,,Accountant,Finance,Dubai,smith.steven@canva.com,Female,UAE,1980-09-07,2024-01-13,Active,No
1120,David,Ramirez,ramirez.david@canva.com,,Accountant,Finance,Dubai,smith.steven@canva.com,Male,UAE,1983-07-19,2016-07-04,Active,No
1121,George,Clark,clark.george@canva.com,,Accountant,Finance,Dubai,smith.steven@canva.com,Male,UAE,1994-06-12,2019-06-16,Active,No
1122,Charles,Williams,williams.charles@canva.com,,Finance Manager,Finance,Tokyo,thompson.george@canva.com,Male,Japan,1990-01-10,2024-12-08,Active,No
1123,Margaret,White,white.margaret@canva.com,,Finance Manager,Finance,Tokyo,thompson.george@canva.com,Female,Japan,1986-02-18,2014-07-13,Active,No
1124,William,Gonzalez,gonzalez.william@canva.com,,Senior Accountant,Finance,Tokyo,thompson.george@canva.com,Male,Japan,1990-07-07,2016-06-09,Active,No
1125,Brian,Jones,jones.brian@canva.com,,Senior Accountant,Finance,Tokyo,thompson.george@canva.com,Female,Japan,1990-11-17,2021-02-23,Active,No
1126,Dorothy,Roberts,roberts.dorothy@canva.com,,Senior Accountant,Finance,Tokyo,thompson.george@canva.com,Female,Japan,1997-07-20,2024-03-04,Active,No
1127,Nancy,Gonzalez,gonzalez.nancy@canva.com,,Senior Accountant,Finance,Tokyo,thompson.george@canva.com,Female,Japan,1985-01-16,2016-01-14,Active,No
1128,Matthew,Lee,lee.matthew@canva.com,,Accountant,Finance,Tokyo,thompson.george@canva.com,Female,Japan,1981-12-25,2017-05-08,Active,No
1129,Nancy,Scott,scott.nancy@canva.com,,Accountant,Finance,Tokyo,thompson.george@canva.com,Female,Japan,1985-03-27,2016-01-05,Active,No
1130,Richard,Nguyen,nguyen.richard@canva.com,,Accountant,Finance,Tokyo,thompson.george@canva.com,Female,Japan,1982-07-24,2022-07-21,Active,No
1131,Melissa,Davis,davis.melissa@canva.com,,Accountant,Finance,Tokyo,thompson.george@canva.com,Female,Japan,1993-01-09,2023-08-25,Active,No
1132,Karen,White,white.karen@canva.com,,Accountant,Finance,Tokyo,thompson.george@canva.com,Female,Japan,1995-07-17,2017-04-23,Active,No
1133,Daniel,Brown,brown.daniel@canva.com,,Accountant,Finance,Tokyo,thompson.george@canva.com,Male,Japan,1981-02-10,2011-02-04,Active,No
1134,Michael,Hernandez,hernandez.michael@canva.com,,Accountant,Finance,Tokyo,thompson.george@canva.com,Female,Japan,1998-06-12,2021-08-18,Active,No
1135,Robert,Smith,smith.robert@canva.com,,Accountant,Finance,Tokyo,thompson.george@canva.com,Female,Japan,2000-03-14,2022-05-22,Active,No
1136,Sandra,Smith,smith.sandra@canva.com,,Vice President of Marketing,Marketing,New York,williams.deborah@canva.com,Male,USA,1988-04-02,2014-07-07,Active,No
1137,Kenneth,Mitchell,mitchell.kenneth@canva.com,,Marketing Director - Dubai,Marketing,Dubai,williams.deborah@canva.com,Male,UAE,1988-04-17,2018-10-24,Active,No
1138,Anthony,Johnson,johnson.anthony@canva.com,,Marketing Director - Tokyo,Marketing,Tokyo,williams.deborah@canva.com,Female,Japan,1990-07-07,2016-03-01,Active,No
1139,Mark,Hill,hill.mark@canva.com,,Marketing Director - North America,Marketing,New York,smith.sandra@canva.com,Female,USA,1980-03-09,2019-10-17,Active,No
1140,Robert,Brown,brown.robert@canva.com,,Marketing Manager,Marketing,New York,hill.mark@canva.com,Female,USA,1988-04-15,2023-10-26,Active,No
1141,Mark,Hall,hall.mark@canva.com,,Marketing Manager,Marketing,New York,hill.mark@canva.com,Male,USA,1987-08-18,2019-03-09,Active,No
1142,Patricia,Williams,williams.patricia@canva.com,,Marketing Manager,Marketing,New York,hill.mark@canva.com,Female,USA,1986-08-09,2022-09-24,Active,No
1143,Edward,Flores,flores.edward@canva.com,,Marketing Manager,Marketing,New York,hill.mark@canva.com,Male,USA,1987-01-27,2014-03-15,Active,No
1144,Jessica,Baker,baker.jessica@canva.com,,Marketing Manager,Marketing,New York,hill.mark@canva.com,Female,USA,1995-01-24,2022-11-09,Active,No
1145,Barbara,Anderson,anderson.barbara@canva.com,,Marketing Manager,Marketing,New York,hill.mark@canva.com,Female,USA,1987-02-20,2013-01-18,Active,No
1146,Linda,Taylor,taylor.linda@canva.com,,Marketing Manager,Marketing,New York,hill.mark@canva.com,Female,USA,1993-01-06,2020-01-05,Active,No
1147,Steven,Mitchell,mitchell.steven@canva.com,,Marketing Manager,Marketing,New York,hill.mark@canva.com,Female,USA,1992-07-25,2015-03-28,Active,No
1148,William,Lopez,lopez.william@canva.com,,Marketing Manager,Marketing,New York,hill.mark@canva.com,Male,USA,1981-01-06,2021-09-03,Active,No
1149,Kevin,Perez,perez.kevin@canva.com,,Senior Marketing Specialist,Marketing,New York,hill.mark@canva.com,Female,USA,1987-07-23,2014-09-26,Active,No
1150,Michelle,Anderson,anderson.michelle@canva.com,,Senior Marketing Specialist,Marketing,New York,hill.mark@canva.com,Female,USA,1992-05-02,2017-10-24,Active,No
1151,Sarah,Hill,hill.sarah@canva.com,,Senior Marketing Specialist,Marketing,New York,hill.mark@canva.com,Male,USA,1996-03-14,2024-04-19,Active,No
1152,Melissa,Mitchell,mitchell.melissa@canva.com,,Senior Marketing Specialist,Marketing,New York,hill.mark@canva.com,Female,USA,1987-07-22,2019-04-12,Active,No
1153,Amanda,Taylor,taylor.amanda@canva.com,,Senior Marketing Specialist,Marketing,New York,hill.mark@canva.com,Male,USA,1997-06-03,2023-06-22,Active,No
1154,Joseph,Hernandez,hernandez.joseph@canva.com,,Senior Marketing Specialist,Marketing,New York,hill.mark@canva.com,Female,USA,1992-02-09,2023-12-05,Active,No
1155,Daniel,Rodriguez,rodriguez.daniel@canva.com,,Senior Marketing Specialist,Marketing,New York,hill.mark@canva.com,Male,USA,1996-08-13,2024-11-25,Active,No
1156,Nancy,Clark,clark.nancy@canva.com,,Senior Marketing Specialist,Marketing,New York,hill.mark@canva.com,Female,USA,1985-05-13,2017-04-11,Active,No
1157,Ashley,Perez,perez.ashley@canva.com,,Senior Marketing Specialist,Marketing,New York,hill.mark@canva.com,Female,USA,1989-12-23,2013-07-10,Active,No
1158,David,Sanchez,sanchez.david@canva.com,,Senior Marketing Specialist,Marketing,New York,hill.mark@canva.com,Male,USA,1988-03-22,2016-01-14,Active,No
1159,Jessica,Anderson,anderson.jessica@canva.com,,Senior Marketing Specialist,Marketing,New York,hill.mark@canva.com,Female,USA,1996-02-08,2020-02-10,Active,No
1160,Donna,Gonzalez,gonzalez.donna@canva.com,,Senior Marketing Specialist,Marketing,New York,hill.mark@canva.com,Male,USA,1988-01-20,2023-02-28,Active,No
1161,Mark,Davis,davis.mark@canva.com,,Marketing Specialist,Marketing,New York,hill.mark@canva.com,Male,USA,1990-12-05,2013-11-07,Active,No
1162,Ashley,Lee,lee.ashley@canva.com,,Marketing Specialist,Marketing,New York,hill.mark@canva.com,Male,USA,1998-02-12,2020-01-04,Active,No
1163,Carol,Jones,jones.carol@canva.com,,Marketing Specialist,Marketing,New York,hill.mark@canva.com,Male,USA,1998-11-27,2021-01-20,Active,No
1164,David,Thomas,thomas.david@canva.com,,Marketing Specialist,Marketing,New York,hill.mark@canva.com,Male,USA,1999-05-22,2023-03-04,Active,No
1165,Donald,Clark,clark.donald@canva.com,,Marketing Specialist,Marketing,New York,hill.mark@canva.com,Female,USA,1996-06-15,2021-05-26,Active,No
1166,Daniel,Jackson,jackson.daniel@canva.com,,Marketing Specialist,Marketing,New York,hill.mark@canva.com,Male,USA,2000-06-28,2024-02-23,Active,No
1167,Michael,Williams,williams.michael@canva.com,,Marketing Specialist,Marketing,New York,hill.mark@canva.com,Female,USA,1997-12-22,2021-05-08,Active,No
1168,Elizabeth,Nelson,nelson.elizabeth@canva.com,,Marketing Specialist,Marketing,New York,hill.mark@canva.com,Female,USA,2001-12-24,2023-09-01,Active,No
1169,Mark,Harris,harris.mark@canva.com,,Marketing Specialist,Marketing,New York,hill.mark@canva.com,Female,USA,1990-05-28,2016-01-23,Active,No
1170,John,Miller,miller.john@canva.com,,Marketing Specialist,Marketing,New York,hill.mark@canva.com,Male,USA,1990-11-17,2020-10-02,Active,No
1171,James,Jones,jones.james@canva.com,,Marketing Specialist,Marketing,New York,hill.mark@canva.com,Male,USA,1993-05-02,2023-09-01,Active,No
1172,Matthew,Williams,williams.matthew@canva.com,,Marketing Specialist,Marketing,New York,hill.mark@canva.com,Female,USA,1990-06-03,2014-04-26,Active,No
1173,Joseph,Rodriguez,rodriguez.joseph@canva.com,,Marketing Specialist,Marketing,New York,hill.mark@canva.com,Female,USA,1993-05-11,2015-02-08,Active,No
1174,Jessica,Taylor,taylor.jessica@canva.com,,Marketing Specialist,Marketing,New York,hill.mark@canva.com,Male,USA,1991-06-24,2020-07-09,Active,No
1175,Donna,Wright,wright.donna@canva.com,,Marketing Specialist,Marketing,New York,hill.mark@canva.com,Male,USA,2001-03-08,2024-11-28,Active,No
1176,Emily,Brown,brown.emily@canva.com,,Marketing Specialist,Marketing,New York,hill.mark@canva.com,Male,USA,1992-03-10,2021-06-12,Active,No
1177,Deborah,Robinson,robinson.deborah@canva.com,,Marketing Manager,Marketing,Dubai,mitchell.kenneth@canva.com,Male,UAE,1992-11-20,2016-06-09,Active,No
1178,Mark,Campbell,campbell.mark@canva.com,,Marketing Manager,Marketing,Dubai,mitchell.kenneth@canva.com,Female,UAE,1988-04-16,2024-10-10,Active,No
1179,Ashley,Jackson,jackson.ashley@canva.com,,Marketing Manager,Marketing,Dubai,mitchell.kenneth@canva.com,Female,UAE,1994-08-07,2021-11-08,Active,No
1180,Barbara,Young,young.barbara@canva.com,,Marketing Manager,Marketing,Dubai,mitchell.kenneth@canva.com,Female,UAE,1988-01-26,2024-02-06,Active,No
1181,Kevin,Green,green.kevin@canva.com,,Marketing Manager,Marketing,Dubai,mitchell.kenneth@canva.com,Female,UAE,1985-02-08,2011-04-17,Active,No
1182,James,Campbell,campbell.james@canva.com,,Marketing Manager,Marketing,Dubai,mitchell.kenneth@canva.com,Female,UAE,1993-11-14,2017-08-04,Active,No
1183,John,Thomas,thomas.john@canva.com,,Senior Marketing Specialist,Marketing,Dubai,mitchell.kenneth@canva.com,Male,UAE,1992-01-25,2016-07-28,Active,No
1184,Joseph,Johnson,johnson.joseph@canva.com,,Senior Marketing Specialist,Marketing,Dubai,mitchell.kenneth@canva.com,Female,UAE,1986-03-01,2018-05-19,Active,No
1185,Nancy,Walker,walker.nancy@canva.com,,Senior Marketing Specialist,Marketing,Dubai,mitchell.kenneth@canva.com,Female,UAE,1987-06-24,2010-01-22,Active,No
1186,Susan,Hall,hall.susan@canva.com,,Senior Marketing Specialist,Marketing,Dubai,mitchell.kenneth@canva.com,Female,UAE,1995-04-14,2018-09-21,Active,No
1187,Kevin,Thomas,thomas.kevin@canva.com,,Senior Marketing Specialist,Marketing,Dubai,mitchell.kenneth@canva.com,Female,UAE,1988-07-10,2017-07-14,Active,No
1188,Dorothy,Lee,lee.dorothy@canva.com,,Senior Marketing Specialist,Marketing,Dubai,mitchell.kenneth@canva.com,Male,UAE,1987-07-07,2014-03-07,Active,No
1189,John,Wright,wright.john@canva.com,,Senior Marketing Specialist,Marketing,Dubai,mitchell.kenneth@canva.com,Male,UAE,1990-08-26,2015-08-27,Active,No
1190,Barbara,Walker,walker.barbara@canva.com,,Senior Marketing Specialist,Marketing,Dubai,mitchell.kenneth@canva.com,Male,UAE,1985-12-11,2019-03-07,Active,No
1191,Dorothy,Miller,miller.dorothy@canva.com,,Marketing Specialist,Marketing,Dubai,mitchell.kenneth@canva.com,Male,UAE,1992-05-02,2023-02-05,Active,No
1192,Richard,Brown,brown.richard@canva.com,,Marketing Specialist,Marketing,Dubai,mitchell.kenneth@canva.com,Male,UAE,1994-04-05,2021-04-01,Active,No
1193,Joshua,Roberts,roberts.joshua@canva.com,,Marketing Specialist,Marketing,Dubai,mitchell.kenneth@canva.com,Male,UAE,1995-08-01,2017-10-07,Active,No
1194,Mark,Nguyen,nguyen.mark@canva.com,,Marketing Specialist,Marketing,Dubai,mitchell.kenneth@canva.com,Female,UAE,1993-08-21,2021-11-24,Active,No
1195,Kenneth,Garcia,garcia.kenneth@canva.com,,Marketing Specialist,Marketing,Dubai,mitchell.kenneth@canva.com,Male,UAE,1996-02-19,2020-08-08,Active,No
1196,Thomas,Sanchez,sanchez.thomas@canva.com,,Marketing Specialist,Marketing,Dubai,mitchell.kenneth@canva.com,Male,UAE,1997-01-28,2022-10-22,Active,No
1197,George,Adams,adams.george@canva.com,,Marketing Specialist,Marketing,Dubai,mitchell.kenneth@canva.com,Female,UAE,1997-12-28,2022-02-14,Active,No
1198,Susan,Rodriguez,rodriguez.susan@canva.com,,Marketing Specialist,Marketing,Dubai,mitchell.kenneth@canva.com,Male,UAE,1996-08-04,2020-08-28,Active,No
1199,Amanda,Campbell,campbell.amanda@canva.com,,Marketing Specialist,Marketing,Dubai,mitchell.kenneth@canva.com,Female,UAE,1992-02-28,2017-01-14,Active,No
1200,James,Martin,martin.james@canva.com,,Marketing Specialist,Marketing,Dubai,mitchell.kenneth@canva.com,Female,UAE,2001-12-15,2024-11-21,Active,No
1201,Steven,Green,green.steven@canva.com,,Marketing Manager,Marketing,Tokyo,johnson.anthony@canva.com,Male,Japan,1987-09-23,2012-02-03,Active,No
1202,Sandra,Roberts,roberts.sandra@canva.com,,Marketing Manager,Marketing,Tokyo,johnson.anthony@canva.com,Male,Japan,1991-04-15,2023-10-22,Active,No
1203,Betty,Campbell,campbell.betty@canva.com,,Marketing Manager,Marketing,Tokyo,johnson.anthony@canva.com,Female,Japan,1984-07-15,2021-06-07,Active,No
1204,Donald,Thomas,thomas.donald@canva.com,,Senior Marketing Specialist,Marketing,Tokyo,johnson.anthony@canva.com,Male,Japan,1993-03-20,2018-01-05,Active,No
1205,Karen,Jackson,jackson.karen@canva.com,,Senior Marketing Specialist,Marketing,Tokyo,johnson.anthony@canva.com,Male,Japan,1990-09-25,2016-01-19,Active,No
1206,Michael,Wright,wright.michael@canva.com,,Senior Marketing Specialist,Marketing,Tokyo,johnson.anthony@canva.com,Male,Japan,1985-08-28,2016-11-12,Active,No
1207,Elizabeth,Roberts,roberts.elizabeth@canva.com,,Senior Marketing Specialist,Marketing,Tokyo,johnson.anthony@canva.com,Male,Japan,1991-11-28,2022-06-11,Active,No
1208,John,Campbell,campbell.john@canva.com,,Marketing Specialist,Marketing,Tokyo,johnson.anthony@canva.com,Female,Japan,1994-03-26,2024-12-19,Active,No
1209,David,Flores,flores.david@canva.com,,Marketing Specialist,Marketing,Tokyo,johnson.anthony@canva.com,Male,Japan,2000-06-11,2024-07-19,Active,No
1210,Karen,Hill,hill.karen@canva.com,,Marketing Specialist,Marketing,Tokyo,johnson.anthony@canva.com,Male,Japan,1995-01-03,2019-03-08,Active,No
1211,Patricia,Martinez,martinez.patricia@canva.com,,Marketing Specialist,Marketing,Tokyo,johnson.anthony@canva.com,Male,Japan,1996-05-27,2022-09-22,Active,No
1212,Mary,Clark,clark.mary@canva.com,,Marketing Specialist,Marketing,Tokyo,johnson.anthony@canva.com,Male,Japan,1997-05-19,2019-12-13,Active,No
1213,Karen,Taylor,taylor.karen@canva.com,,Marketing Specialist,Marketing,Tokyo,johnson.anthony@canva.com,Male,Japan,1993-05-15,2015-11-02,Active,No
1214,Richard,Lewis,lewis.richard@canva.com,,Marketing Specialist,Marketing,Tokyo,johnson.anthony@canva.com,Female,Japan,1990-06-07,2012-12-19,Active,No
1215,Robert,Jones,jones.robert@canva.com,,Vice President of Sales - New York,Sales,New York,davis.susan@canva.com,Female,USA,1991-06-22,2022-05-12,Active,No
1216,Kimberly,Allen,allen.kimberly@canva.com,,Vice President of Sales - Dubai,Sales,Dubai,davis.susan@canva.com,Male,UAE,1989-12-05,2024-06-20,Active,No
1217,Christopher,Martinez,martinez.christopher@canva.com,,Vice President of Sales - Tokyo,Sales,Tokyo,davis.susan@canva.com,Male,Japan,1993-09-12,2018-09-23,Active,No
1218,Carol,Nelson,nelson.carol@canva.com,,Sales Director,Sales,New York,jones.robert@canva.com,Female,USA,1984-04-14,2024-04-13,Active,No
1219,Mark,Lopez,lopez.mark@canva.com,,Sales Director,Sales,Dubai,allen.kimberly@canva.com,Female,UAE,1986-08-22,2017-12-14,Active,No
1220,David,Johnson,johnson.david@canva.com,,Sales Director,Sales,Tokyo,martinez.christopher@canva.com,Male,Japan,1984-07-03,2016-03-01,Active,No
1221,Michelle,Adams,adams.michelle@canva.com,,Sales Manager,Sales,New York,nelson.carol@canva.com,Female,USA,1991-04-14,2021-08-11,Active,No
1222,Betty,Roberts,roberts.betty@canva.com,,Sales Manager,Sales,New York,nelson.carol@canva.com,Female,USA,1988-03-18,2016-05-04,Active,No
1223,Mary,Young,young.mary@canva.com,,Sales Manager,Sales,New York,nelson.carol@canva.com,Male,USA,1984-12-15,2013-08-08,Active,No
1224,Donald,Harris,harris.donald@canva.com,,Sales Manager,Sales,New York,nelson.carol@canva.com,Male,USA,1980-11-12,2024-11-23,Active,No
1225,Michael,Adams,adams.michael@canva.com,,Sales Manager,Sales,New York,nelson.carol@canva.com,Male,USA,1986-11-07,2012-05-09,Active,No
1226,Lisa,Hill,hill.lisa@canva.com,,Sales Manager,Sales,New York,nelson.carol@canva.com,Female,USA,1982-01-08,2017-04-21,Active,No
1227,Anthony,Martinez,martinez.anthony@canva.com,,Sales Manager,Sales,New York,nelson.carol@canva.com,Male,USA,1986-10-20,2014-03-01,Active,No
1228,Richard,Carter,carter.richard@canva.com,,Sales Manager,Sales,New York,nelson.carol@canva.com,Female,USA,1981-08-09,2018-05-02,Active,No
1229,Patricia,Mitchell,mitchell.patricia@canva.com,,Sales Manager,Sales,New York,nelson.carol@canva.com,Female,USA,1993-12-27,2016-12-25,Active,No
1230,Mary,Williams,williams.mary@canva.com,,Sales Manager,Sales,New York,nelson.carol@canva.com,Male,USA,1981-05-17,2018-10-16,Active,No
1231,Sarah,Anderson,anderson.sarah@canva.com,,Sales Manager,Sales,New York,nelson.carol@canva.com,Female,USA,1991-06-24,2013-01-18,Active,No
1232,Ashley,Brown,brown.ashley@canva.com,,Account Executive,Sales,New York,nelson.carol@canva.com,Male,USA,1995-09-15,2020-03-22,Active,No
1233,William,Taylor,taylor.william@canva.com,,Account Executive,Sales,New York,nelson.carol@canva.com,Female,USA,1991-10-11,2018-01-06,Active,No
1234,Sarah,Miller,miller.sarah@canva.com,,Account Executive,Sales,New York,nelson.carol@canva.com,Male,USA,1997-03-22,2021-03-11,Active,No
1235,Patricia,Hall,hall.patricia@canva.com,,Account Executive,Sales,New York,nelson.carol@canva.com,Female,USA,2000-04-25,2024-10-09,Active,No
1236,Melissa,Miller,miller.melissa@canva.com,,Account Executive,Sales,New York,nelson.carol@canva.com,Female,USA,1998-08-03,2020-01-26,Active,No
1237,Daniel,Robinson,robinson.daniel@canva.com,,Account Executive,Sales,New York,nelson.carol@canva.com,Male,USA,1995-11-14,2023-01-14,Active,No
1238,Donna,Lopez,lopez.donna@canva.com,,Account Executive,Sales,New York,nelson.carol@canva.com,Female,USA,1997-04-27,2019-08-10,Active,No
1239,Joshua,Martinez,martinez.joshua@canva.com,,Account Executive,Sales,New York,nelson.carol@canva.com,Female,USA,1991-07-12,2016-07-12,Active,No
1240,Mark,Jones,jones.mark@canva.com,,Account Executive,Sales,New York,nelson.carol@canva.com,Male,USA,1996-11-17,2021-02-02,Active,No
1241,Susan,Carter,carter.susan@canva.com,,Account Executive,Sales,New York,nelson.carol@canva.com,Male,USA,1994-06-24,2017-03-26,Active,No
1242,Betty,Smith,smith.betty@canva.com,,Account Executive,Sales,New York,nelson.carol@canva.com,Male,USA,1997-11-10,2022-10-15,Active,No
1243,Michelle,White,white.michelle@canva.com,,Account Executive,Sales,New York,nelson.carol@canva.com,Female,USA,1991-06-27,2018-01-26,Active,No
1244,Kenneth,Williams,williams.kenneth@canva.com,,Account Executive,Sales,New York,nelson.carol@canva.com,Female,USA,2000-06-20,2022-10-02,Active,No
1245,Christopher,Campbell,campbell.christopher@canva.com,,Account Executive,Sales,New York,nelson.carol@canva.com,Male,USA,1997-09-05,2021-03-08,Active,No
1246,Thomas,Hill,hill.thomas@canva.com,,Account Executive,Sales,New York,nelson.carol@canva.com,Male,USA,1992-04-03,2015-11-13,Active,No
1247,Karen,Ramirez,ramirez.karen@canva.com,,Account Executive,Sales,New York,nelson.carol@canva.com,Male,USA,1994-04-19,2023-10-27,Active,No
1248,Ashley,Hill,hill.ashley@canva.com,,Account Executive,Sales,New York,nelson.carol@canva.com,Female,USA,1993-06-01,2017-11-12,Active,No
1253,Donald,Martinez,martinez.donald@canva.com,,Sales Associate,Sales,New York,nelson.carol@canva.com,Female,USA,1992-11-18,2019-06-13,Active,No
1254,Jennifer,Ramirez,ramirez.jennifer@canva.com,,Sales Associate,Sales,New York,nelson.carol@canva.com,Male,USA,1993-02-03,2020-03-05,Active,No
1255,Patricia,Campbell,campbell.patricia@canva.com,,Sales Associate,Sales,New York,nelson.carol@canva.com,Male,USA,1998-06-03,2023-04-23,Active,No
1256,James,Smith,smith.james@canva.com,,Sales Associate,Sales,New York,nelson.carol@canva.com,Female,USA,1996-05-19,2021-06-16,Active,No
1257,Anthony,Robinson,robinson.anthony@canva.com,,Sales Associate,Sales,New York,nelson.carol@canva.com,Male,USA,2001-02-21,2023-04-03,Active,No
1258,Carol,Torres,torres.carol@canva.com,,Sales Associate,Sales,New York,nelson.carol@canva.com,Female,USA,1994-10-13,2020-06-18,Active,No
1259,Matthew,White,white.matthew@canva.com,,Sales Associate,Sales,New York,nelson.carol@canva.com,Female,USA,2001-02-25,2023-02-18,Active,No
1260,Ashley,Garcia,garcia.ashley@canva.com,,Sales Associate,Sales,New York,nelson.carol@canva.com,Male,USA,1991-04-24,2022-08-24,Active,No
1261,Sarah,Taylor,taylor.sarah@canva.com,,Sales Associate,Sales,New York,nelson.carol@canva.com,Male,USA,1995-05-26,2024-02-02,Active,No
1262,John,Gonzalez,gonzalez.john@canva.com,,Sales Associate,Sales,New York,nelson.carol@canva.com,Female,USA,1996-10-21,2023-02-26,Active,No
1263,Betty,King,king.betty@canva.com,,Sales Associate,Sales,New York,nelson.carol@canva.com,Female,USA,1997-08-25,2021-02-10,Active,No
1264,Linda,Torres,torres.linda@canva.com,,Sales Associate,Sales,New York,nelson.carol@canva.com,Male,USA,1992-05-18,2018-05-24,Active,No
1265,Karen,Johnson,johnson.karen@canva.com,,Sales Associate,Sales,New York,nelson.carol@canva.com,Female,USA,1999-04-20,2023-07-17,Active,No
1266,Donna,Green,green.donna@canva.com,,Sales Associate,Sales,New York,nelson.carol@canva.com,Male,USA,1990-09-06,2012-06-06,Active,No
1267,David,Wright,wright.david@canva.com,,Sales Associate,Sales,New York,nelson.carol@canva.com,Male,USA,2001-11-25,2024-12-24,Active,No
1268,Daniel,Hernandez,hernandez.daniel@canva.com,,Sales Associate,Sales,New York,nelson.carol@canva.com,Male,USA,1991-08-10,2018-11-10,Active,No
1269,Kenneth,Martinez,martinez.kenneth@canva.com,,Sales Associate,Sales,New York,nelson.carol@canva.com,Female,USA,2001-04-24,2023-03-28,Active,No
1270,Carol,Allen,allen.carol@canva.com,,Sales Associate,Sales,New York,nelson.carol@canva.com,Male,USA,1999-11-19,2024-08-11,Active,No
1271,Sandra,Lee,lee.sandra@canva.com,,Sales Associate,Sales,New York,nelson.carol@canva.com,Male,USA,1997-11-16,2022-07-17,Active,No
1272,Betty,Johnson,johnson.betty@canva.com,,Sales Associate,Sales,New York,nelson.carol@canva.com,Female,USA,2001-06-20,2023-11-22,Active,No
1273,Joshua,Torres,torres.joshua@canva.com,,Sales Associate,Sales,New York,nelson.carol@canva.com,Female,USA,1990-04-24,2020-08-11,Active,No
1274,Margaret,Moore,moore.margaret@canva.com,,Sales Associate,Sales,New York,nelson.carol@canva.com,Male,USA,1994-05-06,2022-11-12,Active,No
1275,Susan,Lopez,lopez.susan@canva.com,,Sales Associate,Sales,New York,nelson.carol@canva.com,Male,USA,1996-05-04,2018-07-06,Active,No
1276,Jennifer,Green,green.jennifer@canva.com,,Sales Associate,Sales,New York,nelson.carol@canva.com,Female,USA,1996-10-09,2024-10-09,Active,No
1277,Charles,Perez,perez.charles@canva.com,,Sales Associate,Sales,New York,nelson.carol@canva.com,Male,USA,1995-01-03,2024-10-25,Active,No
1278,Mark,Miller,miller.mark@canva.com,,Sales Associate,Sales,New York,nelson.carol@canva.com,Male,USA,1999-09-20,2022-02-18,Active,No
1279,Emily,Flores,flores.emily@canva.com,,Sales Manager,Sales,Dubai,lopez.mark@canva.com,Female,UAE,1990-09-08,2016-09-25,Active,No
1280,Betty,Nelson,nelson.betty@canva.com,,Sales Manager,Sales,Dubai,lopez.mark@canva.com,Male,UAE,1980-07-21,2011-10-05,Active,No
1281,John,Perez,perez.john@canva.com,,Sales Manager,Sales,Dubai,lopez.mark@canva.com,Male,UAE,1986-10-08,2015-04-14,Active,No
1282,Daniel,Rivera,rivera.daniel@canva.com,,Sales Manager,Sales,Dubai,lopez.mark@canva.com,Female,UAE,1985-04-06,2022-02-03,Active,No
1283,William,Clark,clark.william@canva.com,,Sales Manager,Sales,Dubai,lopez.mark@canva.com,Female,UAE,1984-03-18,2010-07-04,Active,No
1284,George,Rivera,rivera.george@canva.com,,Sales Manager,Sales,Dubai,lopez.mark@canva.com,Female,UAE,1988-03-16,2021-08-03,Active,No
1285,George,Green,green.george@canva.com,,Sales Manager,Sales,Dubai,lopez.mark@canva.com,Male,UAE,1994-02-09,2016-07-01,Active,No
1286,Betty,Moore,moore.betty@canva.com,,Sales Manager,Sales,Dubai,lopez.mark@canva.com,Male,UAE,1984-01-06,2010-01-01,Active,No
1287,Deborah,Flores,flores.deborah@canva.com,,Sales Manager,Sales,Dubai,lopez.mark@canva.com,Female,UAE,1992-01-12,2016-10-16,Active,No
1288,Donald,Carter,carter.donald@canva.com,,Sales Manager,Sales,Dubai,lopez.mark@canva.com,Female,UAE,1995-04-25,2019-02-17,Active,No
1289,Paul,Clark,clark.paul@canva.com,,Account Executive,Sales,Dubai,lopez.mark@canva.com,Female,UAE,1994-07-09,2023-10-10,Active,No
1290,Robert,Robinson,robinson.robert@canva.com,,Account Executive,Sales,Dubai,lopez.mark@canva.com,Male,UAE,1995-02-17,2019-12-28,Active,No
1291,Lisa,Thomas,thomas.lisa@canva.com,,Account Executive,Sales,Dubai,lopez.mark@canva.com,Male,UAE,2001-11-16,2023-02-22,Active,No
1292,Dorothy,Jones,jones.dorothy@canva.com,,Account Executive,Sales,Dubai,lopez.mark@canva.com,Female,UAE,1996-02-09,2022-09-12,Active,No
1293,Joshua,Hill,hill.joshua@canva.com,,Account Executive,Sales,Dubai,lopez.mark@canva.com,Male,UAE,1999-04-01,2021-03-13,Active,No
1294,Anthony,Ramirez,ramirez.anthony@canva.com,,Account Executive,Sales,Dubai,lopez.mark@canva.com,Female,UAE,1993-10-17,2023-04-12,Active,No
1295,Kevin,Wilson,wilson.kevin@canva.com,,Account Executive,Sales,Dubai,lopez.mark@canva.com,Male,UAE,1999-02-22,2023-05-26,Active,No
1296,William,Nguyen,nguyen.william@canva.com,,Account Executive,Sales,Dubai,lopez.mark@canva.com,Female,UAE,1990-03-02,2017-01-25,Active,No
1297,Joseph,Hall,hall.joseph@canva.com,,Account Executive,Sales,Dubai,lopez.mark@canva.com,Male,UAE,1998-04-22,2024-04-15,Active,No
1298,Melissa,Jackson,jackson.melissa@canva.com,,Account Executive,Sales,Dubai,lopez.mark@canva.com,Female,UAE,1995-02-01,2019-07-05,Active,No
1299,Robert,Hall,hall.robert@canva.com,,Account Executive,Sales,Dubai,lopez.mark@canva.com,Male,UAE,1994-02-06,2022-10-13,Active,No
1300,Donna,Baker,baker.donna@canva.com,,Account Executive,Sales,Dubai,lopez.mark@canva.com,Female,UAE,1993-08-13,2021-03-25,Active,No
1301,George,Miller,miller.george@canva.com,,Account Executive,Sales,Dubai,lopez.mark@canva.com,Male,UAE,1995-12-01,2019-02-14,Active,No
1302,Christopher,Green,green.christopher@canva.com,,Account Executive,Sales,Dubai,lopez.mark@canva.com,Female,UAE,2000-09-01,2023-11-07,Active,No
1303,Mark,King,king.mark@canva.com,,Account Executive,Sales,Dubai,lopez.mark@canva.com,Female,UAE,1990-04-03,2014-11-25,Active,No
1304,Jennifer,Wright,wright.jennifer@canva.com,,Sales Associate,Sales,Dubai,lopez.mark@canva.com,Male,UAE,1992-07-11,2020-01-07,Active,No
1305,Melissa,Sanchez,sanchez.melissa@canva.com,,Sales Associate,Sales,Dubai,lopez.mark@canva.com,Male,UAE,1997-05-04,2021-12-25,Active,No
1306,Kenneth,Green,green.kenneth@canva.com,,Sales Associate,Sales,Dubai,lopez.mark@canva.com,Male,UAE,1993-11-09,2016-04-06,Active,No
1307,John,Scott,scott.john@canva.com,,Sales Associate,Sales,Dubai,lopez.mark@canva.com,Female,UAE,1996-10-25,2020-06-13,Active,No
1308,Robert,Carter,carter.robert@canva.com,,Sales Associate,Sales,Dubai,lopez.mark@canva.com,Male,UAE,1998-10-24,2023-03-15,Active,No
1309,Sandra,Lopez,lopez.sandra@canva.com,,Sales Associate,Sales,Dubai,lopez.mark@canva.com,Male,UAE,1991-08-02,2022-08-27,Active,No
1310,Christopher,Anderson,anderson.christopher@canva.com,,Sales Associate,Sales,Dubai,lopez.mark@canva.com,Female,UAE,1994-12-16,2018-01-16,Active,No
1311,Linda,Clark,clark.linda@canva.com,,Sales Associate,Sales,Dubai,lopez.mark@canva.com,Female,UAE,1997-04-14,2022-02-27,Active,No
1312,Joshua,Allen,allen.joshua@canva.com,,Sales Associate,Sales,Dubai,lopez.mark@canva.com,Female,UAE,1993-03-12,2018-10-28,Active,No
1313,Joseph,Miller,miller.joseph@canva.com,,Sales Associate,Sales,Dubai,lopez.mark@canva.com,Male,UAE,1996-12-07,2021-07-10,Active,No
1314,Susan,Williams,williams.susan@canva.com,,Sales Associate,Sales,Dubai,lopez.mark@canva.com,Male,UAE,1994-02-09,2017-12-23,Active,No
1315,Richard,Baker,baker.richard@canva.com,,Sales Associate,Sales,Dubai,lopez.mark@canva.com,Female,UAE,1998-01-24,2020-10-14,Active,No
1316,Thomas,Smith,smith.thomas@canva.com,,Sales Associate,Sales,Dubai,lopez.mark@canva.com,Male,UAE,2001-04-24,2024-09-12,Active,No
1317,Andrew,Lee,lee.andrew@canva.com,,Sales Associate,Sales,Dubai,lopez.mark@canva.com,Female,UAE,1992-12-19,2017-01-11,Active,No
1318,Ashley,Lopez,lopez.ashley@canva.com,,Sales Associate,Sales,Dubai,lopez.mark@canva.com,Male,UAE,1993-08-14,2018-06-27,Active,No
1319,Nancy,Thomas,thomas.nancy@canva.com,,Sales Associate,Sales,Dubai,lopez.mark@canva.com,Male,UAE,1993-07-02,2022-07-23,Active,No
1320,Jennifer,Allen,allen.jennifer@canva.com,,Sales Associate,Sales,Dubai,lopez.mark@canva.com,Male,UAE,1995-09-26,2024-05-28,Active,No
1321,Patricia,Perez,perez.patricia@canva.com,,Sales Associate,Sales,Dubai,lopez.mark@canva.com,Male,UAE,2000-12-20,2023-05-16,Active,No
1322,John,Davis,davis.john@canva.com,,Sales Associate,Sales,Dubai,lopez.mark@canva.com,Female,UAE,2000-01-05,2024-05-08,Active,No
1323,Edward,Perez,perez.edward@canva.com,,Sales Associate,Sales,Dubai,lopez.mark@canva.com,Female,UAE,1996-09-27,2021-12-21,Active,No
1324,Melissa,Hernandez,hernandez.melissa@canva.com,,Sales Associate,Sales,Dubai,lopez.mark@canva.com,Male,UAE,1996-08-12,2023-05-01,Active,No
1325,Lisa,Lopez,lopez.lisa@canva.com,,Sales Associate,Sales,Dubai,lopez.mark@canva.com,Female,UAE,1994-03-08,2019-06-04,Active,No
1326,Carol,Clark,clark.carol@canva.com,,Sales Associate,Sales,Dubai,lopez.mark@canva.com,Female,UAE,1992-05-13,2015-08-15,Active,No
1327,Sarah,Flores,flores.sarah@canva.com,,Sales Associate,Sales,Dubai,lopez.mark@canva.com,Male,UAE,1996-04-15,2024-11-18,Active,No
1328,Joshua,King,king.joshua@canva.com,,Sales Associate,Sales,Dubai,lopez.mark@canva.com,Male,UAE,1996-06-26,2020-01-09,Active,No
1329,Nancy,Nelson,nelson.nancy@canva.com,,Sales Associate,Sales,Dubai,lopez.mark@canva.com,Female,UAE,1996-06-22,2019-09-23,Active,No
1330,Melissa,Jones,jones.melissa@canva.com,,Sales Associate,Sales,Dubai,lopez.mark@canva.com,Male,UAE,1994-03-25,2018-09-26,Active,No
1331,Brian,Clark,clark.brian@canva.com,,Sales Associate,Sales,Dubai,lopez.mark@canva.com,Male,UAE,2000-05-11,2024-12-01,Active,No
1332,Anthony,Torres,torres.anthony@canva.com,,Sales Manager,Sales,Tokyo,johnson.david@canva.com,Female,Japan,1984-12-13,2012-12-24,Active,No
1333,Betty,Martinez,martinez.betty@canva.com,,Sales Manager,Sales,Tokyo,johnson.david@canva.com,Male,Japan,1980-12-26,2024-08-13,Active,No
1334,Steven,Martinez,martinez.steven@canva.com,,Sales Manager,Sales,Tokyo,johnson.david@canva.com,Male,Japan,1982-05-26,2010-09-11,Active,No
1335,Amanda,Moore,moore.amanda@canva.com,,Sales Manager,Sales,Tokyo,johnson.david@canva.com,Male,Japan,1987-12-07,2015-01-26,Active,No
1336,Brian,Johnson,johnson.brian@canva.com,,Sales Manager,Sales,Tokyo,johnson.david@canva.com,Female,Japan,1982-09-26,2014-01-27,Active,No
1337,Paul,Harris,harris.paul@canva.com,,Sales Manager,Sales,Tokyo,johnson.david@canva.com,Female,Japan,1985-04-04,2018-01-20,Active,No
1338,Susan,Adams,adams.susan@canva.com,,Account Executive,Sales,Tokyo,johnson.david@canva.com,Male,Japan,1993-12-17,2019-01-28,Active,No
1339,Emily,Hill,hill.emily@canva.com,,Account Executive,Sales,Tokyo,johnson.david@canva.com,Male,Japan,1992-07-23,2014-11-19,Active,No
1340,Steven,Torres,torres.steven@canva.com,,Account Executive,Sales,Tokyo,johnson.david@canva.com,Female,Japan,1993-08-04,2017-09-17,Active,No
1341,Andrew,Young,young.andrew@canva.com,,Account Executive,Sales,Tokyo,johnson.david@canva.com,Male,Japan,2000-06-23,2022-02-10,Active,No
1342,Charles,Rodriguez,rodriguez.charles@canva.com,,Account Executive,Sales,Tokyo,johnson.david@canva.com,Male,Japan,2001-02-17,2023-06-10,Active,No
1343,David,Robinson,robinson.david@canva.com,,Account Executive,Sales,Tokyo,johnson.david@canva.com,Male,Japan,1997-04-18,2022-05-06,Active,No
1344,Brian,Lopez,lopez.brian@canva.com,,Account Executive,Sales,Tokyo,johnson.david@canva.com,Male,Japan,1999-10-05,2024-05-09,Active,No
1345,Lisa,Moore,moore.lisa@canva.com,,Account Executive,Sales,Tokyo,johnson.david@canva.com,Female,Japan,1997-01-01,2021-11-22,Active,No
1346,David,Allen,allen.david@canva.com,,Account Executive,Sales,Tokyo,johnson.david@canva.com,Male,Japan,1995-10-22,2021-06-11,Active,No
1347,Linda,Brown,brown.linda@canva.com,,Sales Associate,Sales,Tokyo,johnson.david@canva.com,Male,Japan,1998-07-01,2023-04-20,Active,No
1348,Susan,Johnson,johnson.susan@canva.com,,Sales Associate,Sales,Tokyo,johnson.david@canva.com,Female,Japan,1993-07-25,2019-02-09,Active,No
1349,Deborah,White,white.deborah@canva.com,,Sales Associate,Sales,Tokyo,johnson.david@canva.com,Female,Japan,1999-11-17,2023-06-16,Active,No
1350,Mary,Nguyen,nguyen.mary@canva.com,,Sales Associate,Sales,Tokyo,johnson.david@canva.com,Male,Japan,1998-03-25,2023-09-15,Active,No
1351,Daniel,Jones,jones.daniel@canva.com,,Sales Associate,Sales,Tokyo,johnson.david@canva.com,Male,Japan,1996-04-05,2018-12-02,Active,No
1352,Jessica,Torres,torres.jessica@canva.com,,Sales Associate,Sales,Tokyo,johnson.david@canva.com,Female,Japan,2000-01-13,2023-05-27,Active,No
1353,Andrew,Ramirez,ramirez.andrew@canva.com,,Sales Associate,Sales,Tokyo,johnson.david@canva.com,Male,Japan,1994-12-06,2022-09-23,Active,No
1354,Robert,Clark,clark.robert@canva.com,,Sales Associate,Sales,Tokyo,johnson.david@canva.com,Male,Japan,1999-10-18,2021-06-16,Active,No
1355,Barbara,Taylor,taylor.barbara@canva.com,,Sales Associate,Sales,Tokyo,johnson.david@canva.com,Female,Japan,1992-02-18,2015-03-17,Active,No
1356,Thomas,Thomas,thomas.thomas@canva.com,,Sales Associate,Sales,Tokyo,johnson.david@canva.com,Female,Japan,1997-10-09,2022-04-17,Active,No
1357,Mark,Hernandez,hernandez.mark@canva.com,,Sales Associate,Sales,Tokyo,johnson.david@canva.com,Female,Japan,1998-09-12,2020-06-07,Active,No
1358,Melissa,Ramirez,ramirez.melissa@canva.com,,Sales Associate,Sales,Tokyo,johnson.david@canva.com,Female,Japan,1991-11-28,2023-08-11,Active,No
1359,Joshua,Rivera,rivera.joshua@canva.com,,Sales Associate,Sales,Tokyo,johnson.david@canva.com,Male,Japan,1990-02-15,2014-05-02,Active,No
1360,Joshua,Perez,perez.joshua@canva.com,,Sales Associate,Sales,Tokyo,johnson.david@canva.com,Male,Japan,1994-05-11,2019-04-02,Active,No
1361,Sarah,Mitchell,mitchell.sarah@canva.com,,Sales Associate,Sales,Tokyo,johnson.david@canva.com,Female,Japan,1991-09-18,2022-06-07,Active,No
1362,Deborah,Sanchez,sanchez.deborah@canva.com,,Sales Associate,Sales,Tokyo,johnson.david@canva.com,Male,Japan,1992-08-18,2018-01-15,Active,No
1363,William,Torres,torres.william@canva.com,,Sales Associate,Sales,Tokyo,johnson.david@canva.com,Male,Japan,1990-02-17,2024-03-28,Active,No
1364,Paul,Rivera,rivera.paul@canva.com,,Sales Associate,Sales,Tokyo,johnson.david@canva.com,Female,Japan,2000-08-08,2024-03-26,Active,No
1365,Margaret,Smith,smith.margaret@canva.com,,Vice President of Information Technology,Information Technology,New York,wright.richard@canva.com,Female,USA,1990-02-06,2013-02-08,Active,No
1366,William,Allen,allen.william@canva.com,,IT Director,Information Technology,New York,smith.margaret@canva.com,Female,USA,1977-01-15,2017-02-18,Active,No
1367,Thomas,Martin,martin.thomas@canva.com,,IT Manager,Information Technology,New York,allen.william@canva.com,Male,USA,1985-12-09,2016-06-24,Active,No
1368,Paul,Roberts,roberts.paul@canva.com,,IT Manager,Information Technology,New York,allen.william@canva.com,Female,USA,1984-06-02,2015-07-14,Active,No
1369,Brian,Allen,allen.brian@canva.com,,IT Manager,Information Technology,New York,allen.william@canva.com,Male,USA,1995-09-14,2020-11-01,Active,No
1370,Amanda,Harris,harris.amanda@canva.com,,Senior Software Developer,Information Technology,New York,allen.william@canva.com,Male,USA,1988-01-10,2024-12-04,Active,No
1371,Jessica,Hall,hall.jessica@canva.com,,Senior Software Developer,Information Technology,New York,allen.william@canva.com,Male,USA,1995-02-01,2018-09-02,Active,No
1372,James,Roberts,roberts.james@canva.com,,Senior Software Developer,Information Technology,New York,allen.william@canva.com,Female,USA,1994-01-18,2021-09-01,Active,No
1373,Steven,Jones,jones.steven@canva.com,,Senior Software Developer,Information Technology,New York,allen.william@canva.com,Male,USA,1991-04-27,2022-04-04,Active,No
1374,Kimberly,Ramirez,ramirez.kimberly@canva.com,,Senior Software Developer,Information Technology,New York,allen.william@canva.com,Male,USA,1985-04-11,2020-11-14,Active,No
1375,Charles,Hill,hill.charles@canva.com,,Senior Software Developer,Information Technology,New York,allen.william@canva.com,Male,USA,1992-12-02,2021-03-04,Active,No
1376,Brian,Sanchez,sanchez.brian@canva.com,,Senior Software Developer,Information Technology,New York,allen.william@canva.com,Female,USA,1988-07-28,2024-06-01,Active,No
1377,Steven,Thompson,thompson.steven@canva.com,,Software Developer,Information Technology,New York,allen.william@canva.com,Female,USA,1997-09-20,2022-05-21,Active,No
1378,Andrew,Taylor,taylor.andrew@canva.com,,Software Developer,Information Technology,New York,allen.william@canva.com,Male,USA,1980-04-25,2013-11-14,Active,No
1379,Elizabeth,Nguyen,nguyen.elizabeth@canva.com,,Software Developer,Information Technology,New York,allen.william@canva.com,Female,USA,1998-08-16,2020-12-07,Active,No
1380,Joseph,Davis,davis.joseph@canva.com,,Software Developer,Information Technology,New York,allen.william@canva.com,Female,USA,1994-08-12,2022-04-15,Active,No
1381,Lisa,Robinson,robinson.lisa@canva.com,,Software Developer,Information Technology,New York,allen.william@canva.com,Female,USA,2000-11-17,2023-07-01,Active,No
1382,Dorothy,Young,young.dorothy@canva.com,,Software Developer,Information Technology,New York,allen.william@canva.com,Male,USA,1981-08-26,2016-04-13,Active,No
1383,Brian,Perez,perez.brian@canva.com,,Software Developer,Information Technology,New York,allen.william@canva.com,Male,USA,1983-05-15,2012-02-01,Active,No
1384,Nancy,Rodriguez,rodriguez.nancy@canva.com,,Software Developer,Information Technology,New York,allen.william@canva.com,Female,USA,1990-08-21,2019-06-02,Active,No
1385,James,Green,green.james@canva.com,,Software Developer,Information Technology,New York,allen.william@canva.com,Male,USA,1986-10-28,2024-07-09,Active,No
1386,Robert,White,white.robert@canva.com,,Software Developer,Information Technology,New York,allen.william@canva.com,Female,USA,1987-12-20,2011-12-27,Active,No
1387,Margaret,Young,young.margaret@canva.com,,Software Developer,Information Technology,New York,allen.william@canva.com,Male,USA,1991-02-19,2020-11-27,Active,No
1388,Joseph,Young,young.joseph@canva.com,,Software Developer,Information Technology,New York,allen.william@canva.com,Female,USA,1983-07-12,2012-03-26,Active,No
1389,Deborah,Carter,carter.deborah@canva.com,,Software Developer,Information Technology,New York,allen.william@canva.com,Male,USA,1982-01-03,2017-12-14,Active,No
1390,Elizabeth,Torres,torres.elizabeth@canva.com,,Software Developer,Information Technology,New York,allen.william@canva.com,Female,USA,1981-09-13,2014-08-28,Active,No
1391,David,Hall,hall.david@canva.com,,Software Developer,Information Technology,New York,allen.william@canva.com,Male,USA,1994-12-06,2022-03-05,Active,No
1392,Kenneth,Thomas,thomas.kenneth@canva.com,,IT Support Specialist,Information Technology,New York,allen.william@canva.com,Male,USA,2001-10-22,2024-11-23,Active,No
1393,Brian,Walker,walker.brian@canva.com,,IT Support Specialist,Information Technology,New York,allen.william@canva.com,Male,USA,1992-04-28,2024-09-14,Active,No
1394,Brian,Gonzalez,gonzalez.brian@canva.com,,IT Support Specialist,Information Technology,New York,allen.william@canva.com,Male,USA,2000-11-20,2023-11-07,Active,No
1395,Brian,Robinson,robinson.brian@canva.com,,IT Support Specialist,Information Technology,New York,allen.william@canva.com,Male,USA,1998-03-03,2021-08-22,Active,No
1396,Barbara,Roberts,roberts.barbara@canva.com,,IT Support Specialist,Information Technology,New York,allen.william@canva.com,Female,USA,1999-01-23,2021-10-22,Active,No
1397,Sarah,Scott,scott.sarah@canva.com,,IT Support Specialist,Information Technology,New York,allen.william@canva.com,Male,USA,1998-06-02,2023-05-07,Active,No
1398,Kimberly,King,king.kimberly@canva.com,,IT Support Specialist,Information Technology,New York,allen.william@canva.com,Female,USA,1999-12-11,2022-02-20,Active,No
1399,Susan,Nelson,nelson.susan@canva.com,,IT Support Specialist,Information Technology,New York,allen.william@canva.com,Female,USA,1999-08-01,2023-08-10,Active,No
1400,Mark,Moore,moore.mark@canva.com,,IT Support Specialist,Information Technology,New York,allen.william@canva.com,Male,USA,1999-12-11,2023-11-06,Active,No
1401,Linda,Rivera,rivera.linda@canva.com,,IT Support Specialist,Information Technology,New York,allen.william@canva.com,Female,USA,1992-04-11,2019-07-09,Active,No
1402,Matthew,Rodriguez,rodriguez.matthew@canva.com,,IT Support Specialist,Information Technology,New York,allen.william@canva.com,Male,USA,1997-03-11,2021-02-09,Active,No
1403,Patricia,Anderson,anderson.patricia@canva.com,,IT Support Specialist,Information Technology,New York,allen.william@canva.com,Male,USA,2001-02-21,2023-01-11,Active,No
1404,Brian,Jackson,jackson.brian@canva.com,,IT Support Specialist,Information Technology,New York,allen.william@canva.com,Female,USA,1996-06-20,2023-01-02,Active,No
